核实时间,来源,标题原文,热度值,发布时间,数据状态,链接
,今日头条热榜,房贷贴息落地客户房东都坐不住了,1832297,今日实时,热度值为真实数据,https://www.toutiao.com/trending/7691590964363886601/
,今日头条文章,读《道德经》49章才懂 很多烦恼 都是爱评判别人惹出来的,,2天前,标题与发布时间已核实；互动量未能核实,https://www.toutiao.com/article/7691081623760028207/
,今日头条文章,把握银发经济创新机遇（专家谈）,,3天前,标题与发布时间已核实；互动量未能核实,https://www.toutiao.com/article/7690765512833352226/
,今日头条文章,易经》《道德经》《论语》《大学》《中庸》人人背名句，读懂大道,,3天前,标题与发布时间已核实；互动量未能核实,https://www.toutiao.com/article/7690698268489204247/
,今日头条文章,为什么现在国学、命理突然火了？背后是离火运的大趋势,,3天前,标题与发布时间已核实；互动量未能核实,https://www.toutiao.com/article/7690884037967151655/
,今日头条文章,总向外寻找答案 只会越活越累 读懂《道德经》47章 原来智慧不在远方,,3天前,标题与发布时间已核实；互动量未能核实,https://www.toutiao.com/article/7690710971832173111/
,今日头条文章,性学家断言：男人的续命良药，不是养生补品，是这2样免费的东西,,3天前,标题与发布时间已核实；互动量未能核实,https://www.toutiao.com/article/7690588247239459356/
,今日头条文章,顺时养生 | 二附院中医科赵骏博士受邀主讲中秋养生公益讲座,,4天前,标题与发布时间已核实；互动量未能核实,https://www.toutiao.com/article/7690396881138057771/
,今日头条文章,金匮肾气丸被误解了上千年，它根本不是男性专用药,,4天前,标题与发布时间已核实；互动量未能核实,https://www.toutiao.com/article/7690573138945442351/
,今日头条文章,《道德经》和《易经》哪个才是根本？,,4天前,标题与发布时间已核实；互动量未能核实,https://www.toutiao.com/article/7690450458275643943/
,今日头条文章,春华秋实：普通人积攒财富的正确路径清晰又敞亮,,2周前,标题与发布时间已核实；互动量未能核实,https://www.toutiao.com/w/1876638509739012
,今日头条文章,多职业职场人历程图鉴：普通人想翻身，只有这一条路,,3周前,标题与发布时间已核实；互动量未能核实,https://www.toutiao.com/w/1875511854169088
,今日头条文章,依玲狂野：标题：普通人赚钱顶级思维：先生存，再体面,,2026-5-23 19:05,标题与发布时间已核实；互动量未能核实,https://www.toutiao.com/w/1865888033392648
